{
    "age": 31,
    "region": {
        "x": 1164,
        "y": 670,
        "w": 1216,
        "h": 1216
    },
    "gender": "Man",
    "race": {
        "asian": 6.430880363636039,
        "indian": 3.671822170723806,
        "black": 0.5297220162136564,
        "white": 50.07591546034309,
        "middle eastern": 21.54424020911695,
        "latino hispanic": 17.747422620500483
    },
    "dominant_race": "white",
    "emotion": {
        "angry": 0.08491538389081561,
        "disgust": 0.0002581129519200571,
        "fear": 14.820020784140873,
        "happy": 14.3660121778257,
        "sad": 64.6208682430308,
        "surprise": 1.1268757024035276,
        "neutral": 4.9810524273546
    },
    "dominant_emotion": "sad"
}